Attack Class,Baseline,Optimised,Improvement
benign,0.7652689724965887,0.7574548111481091,-0.007814161348479565
dos,0.9803505087774015,0.9835654511885831,0.003214942411181587
probe,0.909146948366533,0.9106133209309313,0.0014663725643982994
r2l,0.368547904358772,0.33589605421606167,-0.032651850142710326
u2r,0.8203962127681982,0.8474724865068374,0.02707627373863919
