Metric,Baseline,Optimised,Improvement,Improvement %
Accuracy,0.8712295954577715,0.8684350603264727,-0.002794535131298792,-0.32
F1 (Weighted),0.8452655375308503,0.8400216867414974,-0.005243850789352966,-0.62
F1 (Macro),0.7794382333226948,0.7780620546503558,-0.001376178672338968,-0.18
MCC,0.8139715639008182,0.8102841105032694,-0.0036874533975487234,-0.45
Train Time (s),3.246694564819336,2.5539462566375732,-0.6927483081817627,-21.34
