Model,CV Mean,CV Std,95% CI
Logistic Regression,0.9314963826859153,0.002686047248833791,0.9315 +/- 0.0054
Random Forest,0.9955557764812022,0.00039542228707601886,0.9956 +/- 0.0008
KNN,0.9919684561239478,0.0005466513397491587,0.9920 +/- 0.0011
