Metric,Baseline,Optimised,Improvement,Improvement %
Accuracy,0.8369410929737402,0.8751774308019872,0.03823633782824698,4.57
F1 (Weighted),0.8119629596819908,0.8654778429406811,0.05351488325869025,6.59
F1 (Macro),0.7564950888647546,0.7700555887432005,0.013560499878445875,1.79
MCC,0.7601862969346245,0.8160588737870642,0.05587257685243974,7.35
Train Time (s),6.990372180938721,13.371395349502563,6.381023168563843,91.28
