Algorithm,Accuracy,F1 (Weighted),F1 (Macro),MCC,Train Time (s)
KNN,0.8369410929737402,0.8119629596819908,0.7564950888647546,0.7601862969346245,6.990372180938721
Decision Tree,0.8411550745209369,0.8194250446400866,0.707509914677878,0.7673054312710094,1.0228524208068848
SVM-RBF,0.8429293825408091,0.8373492827782578,0.7510241166966419,0.7685135858348214,113.23350882530212
