Attack Class,Baseline,Optimised,Improvement
benign,0.7129948126501047,0.7861474164855426,0.07315260383543798
dos,0.9362110761292329,0.9459736590893898,0.009762582960156863
probe,0.7964876984858367,0.8503583429067464,0.05387064442090972
r2l,0.3486061639355964,0.5673633725878119,0.21875720865221548
u2r,0.8627620380617838,0.5719575067147805,-0.29080453134700324
